KEY FLAGGING, LLC
KEY FOOD, MET FOOD, FOOD TOWN SUPERMARKETS AND LAUNDRY MATS
KEY FOODS COMPANY
RIVERSIDE PROPERTY MANAGEMENT INC.
NEWCASTLE ORAL SURGERY CENTRE
AZEEM TEXTILE INDUSTRIES
AZEENA TECHNICAL SERVICES L.L.C
CONTROL MARKETING INC
HYER LEARNING & DIAGNOSTICS
SOLID SOFTWARE INC.
AZE GAMES
SOLIS SOFTWARE LLC
AZELA TRADING (PTY) LTD
SELDON CORP
KEY FOR EVENTS
AZELIS AMERICAS CASE, LLC
AZELIS INDIA
A-Z ELITE DISTRIBUTION AND IT SERVICES
AZELLA TRADING (PTY) LTD
AZELO DPOWER PRIVATE LIMITED
SOLUTIONS IS
AZEME INVESTMENT
KEY FUNDING GROUP - FIRST BUSINESS LEADS
KEY GAYRIMENKUL BODRUM
KEYGEN ENGINEERING
KEYGENT ADVISORS
AZEMI SPORT KITE
AZEMOUR TRANSPORTATION LLC
AZENDO MARKETING
A ZEN EVENT
A Z ENGINEERING ASSOCIATES
A ZEN MOMENT MASSAGE, LLC
A.Z ENTERPRISE
AZ ENTERPRISES AUTO
AZEON LLC
AZEOTROPE TECHNOLOGIES
LINCOLN SQUARE MINDFUL THERAPY
AZEO XTRACTS
AZERBAIJAN COMMUNITY CENTER
AZERBAIJANI ASSOCIATION OF MINNESOTA
MERIAM LIBRARY
AZERBAIJANI UNION
RIO-MAR REALTY INC.
AZERCHEM MINE METALS
AZER OIL & GAS
AZEROS
AZEROTH GLOBAL TRADING. INC
AZHAR YONG & CO
A-Z ESTATE SALES GONE WEST'
A ZEST FOR SPICE - SEASONING COMPANY
A ZEST-FULL LIFE
AZETAS INTEGRATED ENVIRONMENTAL SERVICES
AZETRO PHARMACEUTICALS PRIVATE LIMITED
SOTO SOFTWARE LLC
AZEVEDO & ASSOCIATES
AZEVEDO CAVALCANTI FIGUEIREDO OMETTO - ADVOCACIA
AZEVEDO CONSULTORIA E INVESTMENTOS S.A.
AZEVEDO IT SERVICES
THE WOMEN'S JOURNAL
AZEVEDO RIOS, BERGER, CAMARGO & PRESTA, ADVOGADOS E CONSULTORES
AZ EXOTIKK EXTENSIONS
AZ EXPORT AGENCY, EXPORT OF WINE & SPIRITS
AZFARALIWORKS
AZ FARMS
AZ FARM & WELLNESS
KEY GOLF CONSTRUCTION
KEY GRAPHICS LLC.
RCAT CONSULTING
KEY GRAPHICS PTY
SOUTHERN MOTOR SPORTS LLC
KEY GROCERY
KEYHAN GROUP
AZFCU
SOUTH STEEL INC.
A - Z FINANCIAL SOLUTIONS
AZ FLATTRACK RACING
AZ FLEX FIT
SOUTH WEST METALS
ANGIE'S THERAPEUTIC MASSAGE
AZ FLYER SERVICE
GW LANDSCAPING
A-Z FOAM
FRONTLINE BREAST CANCER FOUNDATION
SMJ GROWTH CORPORATION
AZ FOOT REFLEXOLOGY
AZ FOUNDATION FOR THE HANDICAPPED
BIG WOODS PROPERTIES LLC
AZ FUGITIVE APPREHENSION
AZ FUNDERS LLC
AZGA
AZG ADVOGADOS E CONSULTORES
SPARCO HOLDING INC.
KEYHAN MACHINE
JW SALON STYLES
KEYHAN TEJARAT HASTI
ACCOUNTANTS IN
KEYHAN TELECOM CO.
AZ GAME & FISH
AZ GAMMA TRADING
AZ GARAGE DOOR REPAIR
ST. GEORGE ENTERPRISES LLC
AZ GARDEN GALS
AZ GEEK SOLUTIONS LLC
HAUS & GRUND AUGSBURGSERVICE - GMBH
AZ GEMS CANADA / SELECT SOURCE SEAFOOD INC.
A-Z GENERAL BUSINESS PRACTICES LLC
VISICOM CORP
AZ GENERATOR
AZ GETAWAY RENTALS
AZ GIRLS LACROSSE
SPEARHEAD PREMIUM SERVICES INC.
AZ GLOBAL
SPARKS-HOTEL.COM
AZ GLOBAL BUSINESS SOLUTIONS
AZG MARKETING
KEY HC WWW.KEYHC.COM
SPECIES RICHNESS
KEYHOLE BAR
AZGOLFNET LLC
SPECIALTY TESTING SERVICES
AZ GOLF WORKS
AZGON PRODUCTS
AZ GROUP JEWEL
SPECTERA EYECARE OF FLORIDA INC.
AZ GROUT WORKS LLC
AZH360 PRODUCTIONS
AZHAD INDUSTRIES CO.
AZHAGU AGENCY
AZ HANDMADE GALLERY
AZ HAND TRUCKS
AZHAR AZIZ & ASSOCIATES
AZHAR HEALTH & BEAUTY
SPEX CLOTHING COMPANY INC.
AZHAR HOME MAINTENANCE SERVICE
AZHARI ENTERPRISES
AZHARI GLOBAL MANDIRI
AZHAR LEATHER COMPANY
KEN CAVE PHOTOGRAPHY
AZHAR LUXURY CARS RENTAL DUBAI LLC
AZHAR MATUSSIN ASSOCIATES
AZHAR NAVID TRADING COMPANY
KEYHOLE GALLERY
KEYHOLE MARINA
KEYHUB TECHNOLOGIES PRIVATE LIMITED
AZHAR NAWID CO. LTD
AZHAR NORIZA ZAINUDDIN
INFINITE INSTALLATIONS
AZHAR SHAIKH & ASSOCIATES COMPANY SECRETARIES
AZHAR TRADE IMPEX
AZH ASSET MANAGEMENT PTY LTD
AZ HEALTH AND LIFE ADVISORS
SPIVEY AUTO & TRUCK PARTS
ALL COLORADO INSURANCE SERVICES
A-Z HEALTH INSURANCE, LLC
AZ HEALTHWORKS
AZHEAT SPORTS
AZHER CREATIONS
AZHIYANEH BONEH ARVAND
AZ HOME APPLIANCE REPAIR
SPORTCENTIVES INC
AZ HOME - AUTOMAÃƒÂ§ÃƒÂ£O RESIDENCIAL E PREDIAL
AZ HORS D'OEUVRES DISTRIBUTION COMPANY
KEYIF
KEYIF FINANSAL DANÃ„Â±Ã…ÂŸMANLÃ„Â±K LTD. Ã…ÂžTI.
AZ HOME HUNTERZ
A_Z HOME IMPROVEMENT
AZ HOME INVESTORS
A-Z HOME MAINTENANCE & TECHNOLOGY SERVICES
AZ HOMES INC
AZHOMEWEB.COM
AZ HOSPICE
FANS CAPITAL CORPORATION
AZ HOUSE TOUR AT MY HOME GROUP
A&Z HSE CONSULTANCY SDN BHD
AZHTECH, INC.
AZ HYDRO WHOLESALE LLC
AZIA CONSULTING
AZIAN & CO
M/S ANAND SEAMLESS TUBES PVT LTD
AZIB ENTERPRISE
AZIB MANUFACTURING TECHNOLOGIES
AZ ICE MANAGEMENT
AZ ICEMAN, INC
AZICO BIOPHORE INDIA PVT LTD
AZI COMPANY LTD.
AZIEEN CONSULTANT PVT.LTD
KEYIF SANAT KAHVESI
AZIEL PROTECTION
AZIENDA INNOVATION GROUP PTY LTD
AZI ENTERTAINMENT LLC
AZIF EVENTS & WEDDINGS
AZ IF PRODUCTIONS
AZI GLOBAL LLC
AZIKI GREEN
AZIKRI LIGHTS
AZILA HOLDINGS LLC
AZILE LLC
AZ ILLINI INC
AZIMA AVIATION
AZIMAD BRILLIANT RESOURCES
AZ IMPORTS
AZIM PREMJI PHILANTHROPIC INITIATIVES
KEYIÃŒÂ‡NVEST GAYRIÃŒÂ‡MENKUL YATIRIM DANIÃ…ÂŸMANLIK
KEY IMMIGRATION CONSULTANTS LTD
KEYIMPACT SALES
AZIMUT DO BRASIL
MOONTIDE CONDOMINIUM
AZIMUTH GLOBAL SOLUTIONS, LLC
AZIMUTH INSPECTION SERVICES, INC.
BIG BEAR ASSOCIATION OF REALTORS
AZIMUTH INSURANCE AGENCY
AZIMUTH IP, LLC
AZIMUTH LEADERSHIP ENDEAVORS, LLC
AZIMUTH MARKETING PARTNERS
AZIMUTH PHOTONICS
S & S REPAIR
AZIMUTH SHIP MANAGEMENT
BOULEVARD CHAUFFEUR
AZIMUTH SOLAR LLC
CTT TELCOM
AZIMUTH THREE ENTERPRISES INC
AZIMUTH VOYAGES INC
AZIMVTH ASHRAM
AZ INDUSTRIES
SUMMIT 1031 EXCHANGE INC
WILD OAK GOLF COURSE
AZINI PHOTOGRAPHY
AZINLA PRODUCTIONS
MARATHON HIGH
STALLION OIL FIELD INC
AZ INNOVATIVE HEALTH, LLC
AZ INTERNATIONAL SENC
AZ INVESTMENT CO.,LTD (TOLL ROAD)
FARMS INTERNATIONAL
A-Z INVESTMENTS LLC
AZIONÃ†Â ÂªÃ…Â¼ÂÃ„Â¼ÂšÃ‡Â¤Â¾
AZIONE EDUCAÃƒÂ§ÃƒÂ£O E EDITORAÃƒÂ§ÃƒÂ£O
SALMON RIVER LIGHTHOUSE & MARINA
AZIPA ASSESSORIA CONSULTORIA E REPRESENTAÃƒÂ§ÃƒÂ£O LTDA
STARBUY
A ZIPP A DO
AZISA GLOBAL
AZI'S PIZZERIA AND CIBO ITALIANO
AZITA SALON AND SPA
AZITEX
AZIT INC.
AZITRIUM
KEY IMPACT STRATEGIES
KEY IMPORT EXPORT & CONSULTING CO
DIAMOND CLUB CABARET
HOUSTON SCREENS
KEYSTONE RELICS LLC
VIPUPPY SPA
GRIFFIN PHOTOGRAPHY
AZIZ AHMADI TRADING CO, LTD
AZIZA HUTCHERSON PHOTOGRAPHY
AISHA PRODUCTIONS
STARLITE SOFTWARE LLC
LANDHAUS WINES
MILE SQUARE CONSULTING
AZIZA MODELS & TALENT AGENCY LLC
COMPUTING & LEGAL SERVICES PTY LTD
AZIZANO
AZIZA PE&CE
LUXOR MANAGEMENT
PARKER SOUND SOLUTIONS
AZIZA'S BOUTIQUES
AZIZA TECHNOLOGIES
AZIZ & CO. HR CONSULTANTS
AZIZCO NIGERIA LIMITED
AZIZDESIGN
DIAMOND OPERA THEATER
ELECTRICAL SOLUTIONS MD INC.
KEY INN & SUITES
KEY INTERNS
KEY@JAB COMPUTER SOLUTION
HEADWAY ENGINEERING
KLIK SALES
SINGLETARY HOMEMAKER COMPANION SERVICE
AZIZ DUNKIN DONUTS
AZIZE FILMS, LLC
AZIZ GROUP, LLC.
AZIZ HON ANNUAR
AZIZI&CO
AZIZI DEVELOPMETS
MERJACK CONSULTING INC
AUSCAN MELALEUCA LTD
PC ASSISTANCE OF KNOXVILLE
BRYENTON & ASSOCIATES
STATE STREET BROKERAGE INC.
AZIZ ISMAIL & CO. (TAX CONSULTANTS & PROFESSIONAL SERVICES FIRM)
AZIZ SECURITY ACADEMY LLC.
SCLERODERMA RESEARCH CONSULTANTS LLC
AZIZ & SON'S.
AZIZ TRADELINKS PVT. LTD.
AZIZUL COMMUNICATIONS SDN BHD
AZIZ YELLIN LLP
FUSION CONSULTING INC
KEYKONSALT
KEYLAB.
MARK D GEISELMAN ARCHITECT
AZ JACK RUSSELL RESCUE
AZJA HEATING AND GAS SERVICES
EXTENSIONS BY MT
AXCENTURE CONSTRUCTION
MUSIAL & FRIEDRICH
SUN BIODIESEL
ES BUILDING MAINTENANCE
AZJ REAL ESTATE SERVICES, LLC
MULLIGAN HOLLAND REAL ESTATE TEAM
A-Z JUNK REMOVAL
PEACHTREE CAPITAL PTY LTD
STRIKE MARKETING COMMUNICATIONS
AZK
AZKA FINANCE SYARIAH
AVAIL ACADEMY - BLAINE CAMPUS
LAKES OF THE MEADOW
KRISTA COX STUDIO
MATRIX TRAINING GROUP
PPRO & CONSULTANTS, LLC
ST JAMES CONDOMINIUM
AZKA HOSPITALITY
AZKA PUBLISHERS
AZKARY
JORGE NUCHE DESIGN GROUP
L.H. BRADLEY & SON LTD
NEW LEAF THERAPY CENTER
SHOWVISION AUSTRALIA PTY LTD
BRANDY BARNES
SILVANO'S SALON
KEYLA MCGEE LLC
ISLE PLUMBING PTY LIMITED
KEY'LANTRE WILTON TRUST
SOUTH CENTRAL CANCER RESOURCE INC
BE THE LOVE PHOTOGRAPHY
STEVE MURPHY
AZKA TOURS & TRAVEL
LYNKIE EVENTS
GOLDMARK FINANCIAL SERVICES INC
1GOVUC
AZK GLASS AND ALUMINIUM PTY LTD
ALL AMERICAN BUILDING & CONSTRUCTION SERVICES
ROOTED RELATIONAL THERAPY
HADLEY'S HOPE
LAW OFFICES OF ROBERT J BEZEMEK
MISSISSAUGA WATERFRONT FESTIVAL
AZKHA RESOURCES PTY LTD
THE INLETS
AZK HOME - MAKER OF HAND-CRAFTED FURNITURE AND FIXTURES.
AZKIANET
KEY LARGO ACOUSTICS LLC
PRESLEIGH & AREL
STEVE VENABLE
KEY LARGO LTD
SHEMOVES DANCE FITNESS STUDIOS
PROPERTY STUDIO AUSTRALIA
CHEESEMAN'S CONCRETE REMOVAL
THE BRONZED BEE
SNIP STYLING SALON
AZKIYA FOUNDATION FOUNDER
LISA NAIL SALON
THE RANDOM TEA ROOM
AZ KNIGHTS OF COLUMBUS
AZK TECH
AZLAND CORP
AUSTRALIAN AESTHETIC DEVICES
A & Z LAND DEVELOPMENT SOLUTIONS
ESTÃƒÂ©TICA RENOVAR
MOTEL BALI
AJS COMPUTING SERVICES
AZ LANDSCAPE
KONSEPTO VIDEOGRAPHY
ST JAMES PARISH UTILITIES
AZ LAWN PROFESSIONALS (DBA OF EMINENT LANDSCAPING)
KEY LEARNING CAMP
ADAM COMMUNICATIONS INC
KEY LEASING, INC.
KEY INSIGHT
THE ACADEMY OF DRIVING
ARGENTUM FINANCIAL SOLUTIONS
STOCKVAL
HOTEL VILA MAR
AZLE-AREA MINISTERIAL ALLIANCE
AZLED.COM
PRADO STUDENT LIVING
AZLEGALDOCS
AZLE HIGH SCHOOL
TIFFANY'S COCKTAILS
STORMBOLT INC.
AZ LENDING EXPERTS
COACH V PERSONAL TRAINING
AZLENEIR
AZL ENGINEERING SDN BHD
AZLE PARTY RANCH
DEL MONTE S.F. EMPLOYEES FEDERAL CREDIT UNION
THE PELHAM
AZLEWAY BOYS RANCH, INC.
KEEGAN & ASSOCIATES
STONE & WEBSTER INC.
AZLEWAY CHILDREN'S SERVICES
HEALTH RESOLUTIONS TREATMENT CENTER
REX FUTURUS CORPORATION
VOLUNTEER SASKATOON
STRATEGIC ENTERPRISE DEVELOPERS LLC
KEYLIGHT AFRICA
NATIONAL FUTURE BENEFITS
STRATFORD ASSOC
GRAPHIC AFFECT BRANDING
STRATFORD SPECIALTIES LLC
KEY LIME CROPS LLC
KEY LIME DESIGNS
AMBER ZBITNOFF PHOTOGRAPHY
AZ LIBRIS LLC
AZLIFA ENTERPRISE
STRAY CAT DESIGNS
KENDRA LEE MARTIN
METROCITIES MORTGAGE LLC
THE WORK POINT PTY LTD
COUNTRYSIDE FARMS LTD
TWO HATS TRAVEL PTY LTD
COLEGIO ALEMÃƒÂ¡N CUAUHTÃƒÂ©MOC HANK
COLCHESTER STABLES
SUNMARK DEVELOPMENTS LTD
PTSMSTUDIOS LTD
KEYLINE CREATIVE
DUCHESS CONDOMINIUM ASSOCIATION
GETRI
TASH PEARSON & ASSOCIATES
UNITED COMMUNITY SERVICES CO-OP
WILLIS LOUIE INSURANCE BROKERS LTD
CIVIL WORKS AUSTRALIA PTY LTD
TRELLIX CORPORATION
GIPPY TREE SERVICES
ADVANCED CONCEPTS CARPET CARE
MICHELSON ATTORNEY SERVICE
MACGREGOR ROOFING
THE SADC CENTRE FOR RENEWABLE ENERGY AND ENERGY EFFICIENCY
CONTROL LINE CONSULTING
JRG CONTRACTING
KEYLINE MARITIME SERVICES PVT.LTD
KEYLINE SOLUTIONS LLC
KEY LINK TRACKERS
STRONGHOLD ASSET MANAGEMENT LLC
KEY LOGIC INC.
AUBURN BAPTIST CHRISTIAN ACADEMY
VAGABOND SALON
STUART PROPERTIES
AZLIFECOACHINGMINISTRIES.COM
AZ LIGHTNING
AZLIKA BOUTIQUE
A-Z LIMO SERVICE
AZ LIMOUSINE SERVICE
AZ LIMOUSINE SERVICE INC.
AZLINA DAHLAN & CO ADVOCATES
AZLIPIDCENTER.COM
LIVING HOPE PCA
A-Z LIQUIDATION
AZ RANGERS
CASA & CIA IMOBILIÃƒÂ¡RIA
KEYLOGISTICS CHILE S.A, GRUPO NAZAR
SUAREZ PROPERTIES LLC
ONE STOP RESTAURANT EQUIPMENT
SUCCESS COMPUTERS CORPORATION
A Z LOCKSMITH
A-Z LOCKSMITH
A&Z LOGISTICS
SUDOVOX LLC
DEPARTMENT OF ARCHITECTURE AND REGIONAL PLANNING
MUSILLO UNKENHOLT LLC
A - Z (LOGISTICS) & CONSULTING SERVICES
AZ LTC CONSULTING
AZ LUXE AUTOMOTIVE
KEYM
SUMMIT RIDGE CONSTRUCTION
KEY MAGAZINE CARMEL AND THE MONTEREY PENINSULA
KEYMAKER YOUTH SUPPORT SERVICES INC
AZMA GLOBAL TECH (M) SDN BHD
SULZER DEVELOPMENT
AZMAN MEDIA HOUSE
AZMAN WONG & CO.
K. N. GUTGUTIA & CO
DEVI CLINIC
MOUNT ROBSON INN
DPX CONSTRUCTIONS
ESTEEM INTERNATIONAL SCHOOL
SUMMIT SOFTWARE SYSTEMS INC.
MYNDFLYTE
KEY MANAGER FOR JONSON CONTROLS INDIA PVT. LTD
KEYMAN CAPITAL & CONSULTING INC.
KEY MAN LOCK AND SAFE
PLAYA VISTA REAL ESTATE
SUNCOAST COMPUTERS OF NORTHWEST FLORIDA INC.
SUNDOWN ENGINEERING & DESIGN
AZ MASTER WINE PTY LTD
HICKORY GROVE HIDEAWAY
PATHOS PROPERTIES
AZMAT HUSSAIN TECHNICAL SERVICES
SUNFLOWER WEB DESIGNS LLC
AZMAX
BAHIA MAR CO OWNERS ASSOCIATION
KEYMAN LOGISTICS
SUN HOMEBUYERS, LLC
AZM CHEMICAL COMPANY
AZM CHEMICAL (PVT) LTD
AZM CHEMICALS
AZM CINEMATOGRAPHY
LASER ALIGNMENT SERVICES
YOSUATREEGAMES LLC
A -Z MECHANICAL
AZMEC VALVES INDIA PRIVATE LIMITED
AZ MEDIA COMMUNICATIONS
KEYMAN VENTURES LTD
A-Z MEDICAL BILLING & CONSULTING SERVICES, INC
AZ MEDICS
AZMEE ADVERTSING (PVT) LTD.
H-E PLUS INC
SPOT'S PET SUPPLY & GROOMING
AZ METAL SERVICES
BRODSKY ADR LLC
MTB PROPERTIES
SUPERIOR HOME SUPPLIES
AZ METROPOLITAN YOUTH SYMPHONY
AZMI FADZLY MAHA & SIM
DOWNUNDER SOLAR INC
AZMINA INTERNATIONAL
AZM INVESTMENT HOLDINGS
KEYMARK ENTERPRISES
ZODIAC TECHNOLOGY LLC
AEGLE PALETTE LLC
BOLLIVER EXCAVATING
KAIZEN RENOVATIONS CORP
SHIPPS LANDING CONDOMINIUM
AZ MIST
AZMI ZURAINI & ASSOCIATES
AZ MOBILE GLASS, LLC DBA GOT GLASS AZ
AZ MOBILE IMAGING - PORTABLE X-RAY/ULTRASOUND
AZ MOBILE MECHANIC
KEYMASH
INYA BEAUTY & COSMETIC TATTOO
KEY MASTER RENTAL
KEYMASTERS LOCKSMITH
SURVEILLANCE AND CYBER SECURITY SOLUTIONS LLC
CASTLEBERRY CONSTRUCTION
BODY RENUE
AZRANHAWKINS
SUTERA DATA SYSTEMS
AZ MOBILE NOTARY SERVICES
LES ENTREPRISES FERVEL INC
AZ MOBILE POOL SUPPLY AND SERVICE
AZ MODERN VENDING LLC
CASA DO BEBÃƒÂª
TEAMMATE FITNESS
AZ-MONEY.COM
AZMON NIMROD CONSULTING
GOLDEN KEY INVESTMENTS
AZMOSYS PTY LTD
SWA LLC
AZM RETAIL, LLC
AZMS ELECTRONIC COMMUNICATIONS
CHOBEE EBBETS PA
SWANX DESIGNS LLC
AZM SERVICES - CONSULTANCE ET FORMATION
AZMS VENDING
AZMTA
AZM TRAVEL & TOURS SDN BHD
AZM YOUTH
A-Z NAILS
KEY-MED CONSEIL
KEYMEDIA AGENCY LIMITED
KEYMEDIA GROUP/KEYMEDIA PUBLIC RELATIONS/DMP
NUHANA
AZNAN JAYA
QUALITY IMÃƒÂ³VEIS
AZNAR HERBAL CONSULTING
VISTASERV
GLOBAL TRENDS LLC
EVER NEW
SHENZHEN MINSDA PRINTING CO. LTD
AZNASH & PARTNERS
AZNB [ARIZONA NEIGHBORHOODS]
AZNC BUSINESS & TECHNICAL CONSULTING, LLC
AZNEO DIGITAL
SMB ASSOCIATES INC.
AZ NEOMEDIA
AZ NEW HORIZON
KEYMARKET RADIO
EHC FIELD SERVICES INC
SYMIX CORPORATION
SYMTX
H & H FLOORING
NEOMART
CANBERRA CITY DENTISTRY
HOTEL LIZBETH
AZN INVESTMENT PLANNING INC
AZN JURIS (LAW FIRM)
AZNPBIO.COM
SYNCHRONIZED WEB SOLUTIONS
KEYMEN LAMINATORS PVT. LTD.
SYNC PRODUCTS LLC
SYNERGY MEDICAL INC.
A Z OFFICE NETWORKS & COMMUNICATIONS
AZOFLUX INTERNATIONAL LIMITED
SYNQWARE
AZOLLA
AZOLLA LIMITED
KM AGENCY LTD.
AZOMA TRAINING, LLC
AZOMIN
THE DENVER ELEMENT
DAVID'S HEATING & COOLING INC
AZON CONSULTING
AZON CYBER SOLUTIONS
KEY METRICS LLC
SYS TECHNOLOGY
KEYMILE SYSTEMS TURKEY
NORVIDRO
IPS WEST LLC
THE LAW OFFICE OF KAREN WINNER
M/S ASCENT NETWORKS PVT. LTD.
A-ZONE BRAND PROMOTIONS AGENCY
SANCHEZ CONCRETE INC
A-ZONE EVENTS & PROMOTIONS PVT LTD
AZONE I.T SOLUTIONS PRIVATE LIMITED
Ã„Â°ZOMARIS Ã„Â°NÃ…ÂŸAAT
SYSTEMS PHILLPIS MEDICOS EFECTOS Y EQUIPO
AZONIK
AZON PHARMACEUTICAL & NUTRITION
AZONRIAL
BORA BUILDING GROUP
HILLSSIDE PLUMBING, EXCAVATIONS & HIRE
AZOO2YOU
AZOOBA
KEY MINERALS COMPANY LLC
GENERATIONAL ALLIANCE
SYSTEM SCIENCES
SYSTEMS CONCEPTS INC.
AZOO INTERNATIONAL INC
AZOOM CO., LTD.
TIC BROKERAGE INC
BHAMBHANI ENTERPRISES
AZOOZ & JUDE FOR ARTISTIC PRODUCTION LLC
AZOQUIC HEALTHCARE
MARION JONKERS PHOTOGRAPHY
KEYM KENTSEL YENILEME MERKEZI
KEY MOBILE MUSIC
KEYMONI COLLECTION
TAIYO SEAFOOD INC
AZORA CLOTHING
TAG AUTOMATION GROUP
AZORA DESIGNS
THE TROPHY MAN
TAH DEVELOPMENT CORPORATION
AZORCA CYBER SECURITY, LLC
AZORCAN SPORTS MARKETING
WOODS PEARSON & ASSOCIATES CHARTERED ACCOUNTANTS LLP
AZOR COMPANY
HITACHI INDUSTRIAL TECHNOLOGY (THAILAND) LTD.
VEGA INSURANCE AGENCY
KEY MOVING & STORAGE, INC.
AZOREAN JEWISH HERITAGE FOUNDATION
AZORES CONSULTING SERVICES SRL
A-Z ORGANIZING
A-Z ORGANIZING SERVICES, INC. (AZOSI)
AZOR HOME CARE
AZORIA FOOD PRODUCTIONS
SIMMONS RITCHIE & SEGAL
AZOR INC
AZORISIZE
AZOR OUTDOOR
AZOST TECHNOLOGY
AZOTECH CONSULTING LLC
STUDIO ARASH
AZOTH BIOTECH
AZOTH GALLERY
AZOTH PHARMA SOLUTIONS
TALENT CITY
PLANNED.
TANGLED WEB MARKETING LLC
AZOTH STAFFING
TAP PRODUCTS
TAPTHAT LLC
AZOTIIQUE
SCOTT CRANE ROOFING
TECHNOSPA (PTY) LTD
CHARISMA HAIR AND NAIL SALON
TARMAT
RIVERVIEW MEDICAL
AZOTOL CONSTRUCTION GROUP PTY LTD
AZOT-VZRYV GROUP
AZOUZ MEDIA & MARKETING INC.
A-Z OVERHEAD DOORS INC. AND BELLA VISTA GARAGE DOORS INC.
MARILI TABORDA & ADVOGADOS ASSOCIADOS
AZOY SOCORRO LLC
AZP AND ASSOCIATES
A - Z PAPER PRODUCTS
DILAC
TASIGO HOTELS
KEYNE INNOVATIONS INC
AZ PARADISE CONSULTING LLC
AZ PARANORMAL INVESTIGATION & RESEARCH SOCIETY
AZPARK
A&Z PARTNERS
AZ PARTNERS INC
AZ PARTY OASIS
BIGFOOT BUILDERS
AZPAVINGSTONES
A-Z PAWN
IMAGINENATION CREATIVEWORKS
AZ PAWSITIVELY PETS
AZPEK MEDIA
AZPEN INNOVATIONS, INC.
AZPERYOU.COM
THE THOMAS LAW OFFICE PLC
AZ PET CARE
HOSPITAL DO TRICENTENÃƒÂ¡RIO
AZ PHARMA, LLC
TAX & FINANCIAL SOLUTIONS LLC
KEYNES CONSTRUCTION & INTERIORS
DEALAR PROPERTIES INC.
SAGITAUR VENTURES INDIA PVT. LTD
AZPICKUPGAMES LLC.
LIMBO LODGE
KRIYA CORPORATION
KIMATRAI HOTEL
AMERICA'S DISCOUNT LENDERS INC
AZ PLP
MANAGEMENT CONSULTING PRO LLC
TCB DESIGN INC.
DONGFENG LIUZHOU MOTOR
RHINO AUTO SALES CORP
THE OHIO STATE UNIVERSITY DEPARTMENT OF COMPARATIVE STUDIES
FP CONSULTING INC.
ACADEMY OF ART UNIVERSITY - WEB DESIGN & NEW MEDIA
PROUD VIETNAM TRAVEL
KEYNES CONSTRUCTIONS & INTERIORS LLC
KEYNES MANAGEMENT CONSULTING
AZP MARKETING
CANTONBROS
ELITE PARALEGAL SERVICE
AZ POLYGRAPH SOLUTIONS
AZ POOL AND OUTDOOR
AZ POPCYCLE
CPA INTERNATIONAL
ADS MEDIA AGENCY
EXEARCH
EVA-MARIA GORTNER, PHD
AZ POWERCLEAN
FRESH TRACKS MEDIA INC.
LAW OFFICES OF RACHEL ZAMATA, LLC
AZ PRECAST CONSULTATION
TDS LEASING INC.
KEYNES S. A. S.
AZ PRECISION FAB
A-Z PRECISION PAINTING
AZ PRECISION SECURITY
AZ PREMIUM AUTO
M S ENGINEERING WORKS
A-Z RIGGING AND SCAFFOLDING
AZ PRINTING
AZ PRODUCTS
RALPH B ROGERS FOUNDATION
AZ PROFESSIONAL SERVICES
AZ PRO IMAGE
TEAM INTERACTIONS INC
RIVER POINTE PROPERTIES INC.
DOHA RUGBY FOOTBALL CENTRE
RANEDIS.COM
AZ PRO WINDOW TINTING
TRANSGULF MARITIME SERVICES
AZ PT AND WELLNESS
AZ PUBLIC SERVICE
APPLETREE HILL MEDICAL CENTRE
KEYNES VENTURES LIMITED
KEYNETTION
TEAM QUALITY DESIGN LLC
CHARTER SCHOOL PROPERTY SOLUTIONS
KEY'N'LOCK SERVICES
AZ PUNK RADIO - AZPUNKRADIO.NET
AZPW MAINTENANCE SERVICES CO, INC. - WWW.AZPWSERVICES.COM
AZPYR INC.
AZQ ELECTRONIC SYSTEMS, INC
AZRAEL ORDNANCE
TECHANALYST INC
TSHANGANA ATTORNEYS INC
AZRA FOOD & FARM PRODUCTS
AZRAIZAT GLOBAL SDN BHD
KEYNO CONSULTING
PETZOWN
ADDINGTON & MILLS
KPHI
CONSTRUCTION VAUDOR
AZRA'S CREPES
AZ REAL ESTATE SVC LLC, AZRESVC, AZ LISTING INFO
A-Z RECRUITING
AZ RED HOT PROMOTIONS
AZ RELIABLE POOL AND PROPERTY CARE
PHILIPPINES TRC INCORPORATED
FIAT OF NAPERVILLE
ILLINOIS CENTER FOR AUTISM
IME CABLE SUPPORT SYSTEMS SDN BHD - MY
LONELY TOURS
TSIM TUNG INTERNET
ASPEN INTERNATIONAL REALTY , INC
A-Z REMODEL
AZ RENTALS AND MORE LLC
M/S ENTERSOFT(TALLY SERVICE PARTNER)
ADVANCED BARBER COLLEGE & HAIR DESIGN INC
HHO INFUSION LLC
SWAYZE
LAFAYETTE DENTAL GROUP, PC
A Z RESALE
A-Z RESURFACING
AZ, REVISTA DE EDUCACIN Y CULTURA
R HADDOCK & CO
ETREND DESIGN
NAKHON INTERNATIONAL CITY SCHOOL
AZRIELI FACULTY OF MEDICINE, BAR-ILAN UNIVERSITY
AZRIEL TECHNOLOGIES LLC
AZRISHEM INC.
MARKETING SOCIETY
AZRNIATRADING PTY LTD
MSEO
ÃÂ“ÃÂ¸ÃÂ¼ÃÂ½ÃÂ°ÃÂ·ÃÂ¸Ã‘Â Ã‚Â„Â–30
TECHNOASIS INC.
AZ RODS + RUST BUCKETS LLC.
AZ ROOFERS INC.
AZ ROYAL MACHINE LLC
AZ ROAD TRIP
GRAYSTON TRAVEL
SLM ACCOUNTANTS
NISA-WEBDESIGNS
KEYNOTE LOGISTICS LTD.
KEYNOTE SCENTS, LLC
AZRY KHADIJAH ENTERPRISE
AZ SAINTS - YOUTH MENTORING ORGANIZATION
AZS BERKAT SDN BHD
AZ'S BEST HEATING & COOLING
OPTIMUM PROPERTIES LLC
AZ'S CLEAN-NEST
BE-CAUSE
TECHNOLOGY GUYS
AZ SELLERS
A & Z SERVICES INC
AZ SERVICES INC (ACCOUNTING & TAX)
MELROSE MASSACHUSETTS
KEYNOTE SERVICES LLC
AZ SIGNATURE DESIGN
AZ SINGING STONE
A-Z SIRVICES
AZ SLEEPY TEEPEE
QUANTUM LODGE MOTOR
ZIENA'S INTERIORS
AZ SMALL BUSINESS SERVICES, LLC
A-Z SMALL ENGINE & AUTOMOTIVE
MARK ROBERTS BAND
AZS MANUFACTURING SOLUTIONS
AZ SNOWBOWL
AZSN-STUDIO
WING CENTRAL'S ROADHOUSE GRILL
AZ SOCIAL MEDIA SOLUTIONS
AZ SOCIETY OF PRACTICING ACCOUNTANTS
TECH RESCUE 911
AZSOLARCLEAN
AZ SOLAR MARKETING
A-Z SOPHISTICATED SOLUTIONS, LLC
ASPPEN OVERSEAS LTD
KEYNOTESPEAKING
KEYNOTES SENIOR CHOIR
A-Z SOURCES.COM
AZ SPACE TECHNOLOGIES
ISLAND MUTUAL , LLC
AZ SPACE TECHNOLOGIES, LLC
AZ SPA REPAIR
AZ SPINE
AZSTAFF VN
A Z STORAGE
AZ STONE
A-Z STORAGE & PROPERTY RENTALS
SOPHIA MONTESSORI
AZ STRIKE ONE PITCHING ACADEMY
AZSTRUCT CONSULTING GROUP
ENERGY TECHNOLOGY CO. , LTD
DONNYBROOK ENERGY INC.
AZ SULLIVAN HOMES, INC
AZ - SUPPLY CHAIN SOLUTIONS
KEYNOTE TECHNOLOGY SDN BHD
KEYNOVA GROUP LLC
TECHWERK SYSTEM
TANNER GUN SHOW
AZTALAN TECHNOLOGIES LLC
AZTAN LEGAL CONSULTANCY
KALINAW RESORT
KAMINSKI
AZ TAX PARTNERS, LLC
AZ TAX SERVICE
AZTECA AMERICA INCOME TAX SERVICE
AZTECA AUTO REPAIR
AZTECA BEVERAGES
AZTECA D' ORO MEXICAN RESTAURANT
AZTEC ADVENTURES
AZTECA'S
AZTECA FRAMING & CONSTRUCTION
AZTECA HORTICULTURAL SERVICES
AZTECA KONCEPTS LLP
AZTECA LANDSCAPE SERVICES
AZTECALAPS
AZTEC ALUMINUM RAILINGS INC
AZTECA MALL
AZTEC FITNESS
AZTECA MEDIA NETWORK
T E JAMES CUSTOM HOMES INC
AZTECA MEXICAN CUISINE
AZTECA MEXICAN PRODUCTS
AZTECA PAQUETERIAS
AZTEC APARTMENTS
M_SERVICE JSC - MOMO EWALLET
COSMOPOINT COLLEGE JOHOR BAHRU
AZTECA SIGNS AND AWNINGS
AZTECA STAIRS
BERKLEY MANOR
AZTECA TOWING INC
AZTECA STREET TACOS
AZTECA TUCSON 14
AZTECA WISCONSIN 38
AZTEC- AZEVEDO TECHNOLOGIES
AZTEC BOYS AND GIRLS CLUB
AZTEC CIVIL
NISSAN 112
KEY OF A MUSIC
FIRST AMERICAN DOCUMENT SOLUTIONS
KEY OF BEAUTY
KEY OF C ENTERTAINMENT
AZTEC CONSTRUCTION MIDDLE EAST L.L.C
TEKSYNC INC.
AZTEC CONSULTATNTS
AZTEC CONSULTING AND ENGINEERING
AZTEC CUSTOM SCREEN PRINTING
AZTEC DECKS
AZTEC EAGLE CONST.SERVICES
AZTECH INTERIORS, PUNE
M/S GLOBAL AIRCON, JAIPUR
FOTO FUN ADVENTURES
AZTEC ENVIRONMENAL SERVICES, LLC
AZTEC ENVIRONMENTAL SERVICES
AZTEC EXCAVATION INC.
AZTEC FAMILY GROUP & ALAMO CITY INVESTMENTS
AZTEC FITNESS AND WELLNESS
AZTEC FLOORING, INC/SPORT COURT OF KENTUCKY
AZTECGODESS MODEL
KEY OF COMMERCE
AZTEC H2O SERVICES
AZTECHA CORP
AZTECH CABLE SYSTEMS, LLC
TELEMUNDO NBC
AZTECH + COMMUNICATIONS INC.
AZTECH COMMUNICATIONS INC
AZTECH CONSULTING, INC.
AZTECH GROUP, ESSERKOREA
AZ TECHNICAL, LLC (HTTPS://AZTOWINGSOLUTIONS.COM)
AZ TECHNICAL SERVICES LLC
AZ TECHNO ENGINEERING SERVICES PVT.LTD.
AZ TECHNOLOGIES CORP.
AZTEC HOME INSPECTIONS, INC
AZTECH PEST CONTROL & HERBICIDE SOLUTIONS
AZ-TECH RADIOLOGY & OPEN MRI
AZTECH SERVICES AUSTRALIA
AZTECH VENTURE FUND PTY LTD
AZTECH WIRELESS, INC.
TELLUS APPLIED SCIENCES INC.
AZTEC INNOVATION
AZTECK INDUSTERIES PTY LTD
AZTEC LOGISTICS LLC
TELEVOKE
AZTEC MANAGMENT AND PROMOTIONS
MSERVICES AND SOLUTIONS PVT.LTD.
AZTEC MATERIALS LLC
AZTEC MIDDLEEAST CONTRACTING LLC
AZTEC NATION SPORTS
KEY OF EDUCATION INTERNATIONAL SCHOOL
AZTEC NUTRACEUTICALS INC: HOME BUSINESS
AZTECO DIVINE
AZTEC OFFICE OF FLORIDA
AZTEC POOLS AND DESIGNS
AZTEC PRINTING COMPANY
AZTEC PROJECTS
AZTEC REALTY INVESTMENTS LLC
AZTEC RECREATION
AZTECS CONSTRUCTION
PROFESSIONAL REALTY INSTITUTE
AZTEC SELF STORAGE & BLACKBURN STORAGE
AZTEC SIDING
AZTEC'S MINE 1969
AZTEC SOUND
AZTEC SPORTING GOODS LLC
KUSH & CANVASES
AZTEC SUPPLEMENTS
TERMEH INC.
AZTEC SUPPORT
AZTEC TOURZ
MSERVICES SOLUION PVT. LTD.